{"cameraMode":{"drawMode":0,"name":"Shaded","section":"Shading Mode"},"sceneLighting":false,"audioPlay":false,"sceneViewState":{"m_AlwaysRefresh":false,"showFog":true,"showSkybox":false,"showFlares":true,"showImageEffects":true,"showParticleSystems":true,"showVisualEffectGraphs":true,"m_FxEnabled":true},"in2DMode":false,"pivot":{"x":10.203478813171387,"y":4.585297107696533,"z":10.97049331665039},"rotation":{"x":0.2844860851764679,"y":-0.27266865968704226,"z":0.08639585971832276,"w":0.9152522683143616},"size":0.15285144746303559,"orthographic":false}